Time,W0, X0, Y0, Z0,W1, X1, Y1, Z1,W2, X2, Y2, Z2,W3, X3, Y3, Z3,W4, X4, Y4, Z4,W5, X5, Y5, Z5,W6, X6, Y6, Z6,W7, X7, Y7, Z7,
07-22-01.096,0.973,0.146,0.143,0.046,0.000,0.000,0.000,0.000,0.000,0.000,0.000,0.000,0.960,-0.260,0.104,-0.090,0.000,0.000,0.000,0.000,0.000,0.000,0.000,0.000,0.000,0.000,0.000,0.000,0.000,0.000,0.000,0.000,
07-22-01.116,0.973,0.147,0.143,0.046,0.000,0.000,0.000,0.000,0.000,0.000,0.000,0.000,0.960,-0.260,0.104,-0.091,0.000,0.000,0.000,0.000,0.000,0.000,0.000,0.000,0.000,0.000,0.000,0.000,0.000,0.000,0.000,0.000,
07-22-01.138,0.973,0.147,0.144,0.046,0.000,0.000,0.000,0.000,0.000,0.000,0.000,0.000,0.960,-0.261,0.104,-0.091,0.000,0.000,0.000,0.000,0.000,0.000,0.000,0.000,0.000,0.000,0.000,0.000,0.000,0.000,0.000,0.000,
07-22-01.156,0.973,0.147,0.143,0.046,0.000,0.000,0.000,0.000,0.000,0.000,0.000,0.000,0.960,-0.259,0.105,-0.090,0.000,0.000,0.000,0.000,0.000,0.000,0.000,0.000,0.000,0.000,0.000,0.000,0.000,0.000,0.000,0.000,
07-22-01.178,0.973,0.146,0.142,0.046,0.000,0.000,0.000,0.000,0.000,0.000,0.000,0.000,0.960,-0.258,0.104,-0.090,0.000,0.000,0.000,0.000,0.000,0.000,0.000,0.000,0.000,0.000,0.000,0.000,0.000,0.000,0.000,0.000,
07-22-01.197,0.973,0.146,0.142,0.045,0.000,0.000,0.000,0.000,0.000,0.000,0.000,0.000,0.960,-0.258,0.104,-0.090,0.000,0.000,0.000,0.000,0.000,0.000,0.000,0.000,0.000,0.000,0.000,0.000,0.000,0.000,0.000,0.000,
07-22-01.217,0.973,0.147,0.141,0.046,0.000,0.000,0.000,0.000,0.000,0.000,0.000,0.000,0.960,-0.258,0.104,-0.090,0.000,0.000,0.000,0.000,0.000,0.000,0.000,0.000,0.000,0.000,0.000,0.000,0.000,0.000,0.000,0.000,
07-22-01.237,0.973,0.147,0.141,0.046,0.000,0.000,0.000,0.000,0.000,0.000,0.000,0.000,0.960,-0.258,0.104,-0.091,0.000,0.000,0.000,0.000,0.000,0.000,0.000,0.000,0.000,0.000,0.000,0.000,0.000,0.000,0.000,0.000,
07-22-01.257,0.973,0.148,0.141,0.046,0.000,0.000,0.000,0.000,0.000,0.000,0.000,0.000,0.960,-0.258,0.104,-0.091,0.000,0.000,0.000,0.000,0.000,0.000,0.000,0.000,0.000,0.000,0.000,0.000,0.000,0.000,0.000,0.000,
07-22-01.277,0.974,0.148,0.140,0.046,0.000,0.000,0.000,0.000,0.000,0.000,0.000,0.000,0.960,-0.258,0.104,-0.090,0.000,0.000,0.000,0.000,0.000,0.000,0.000,0.000,0.000,0.000,0.000,0.000,0.000,0.000,0.000,0.000,
07-22-01.297,0.973,0.147,0.140,0.046,0.000,0.000,0.000,0.000,0.000,0.000,0.000,0.000,0.960,-0.258,0.104,-0.090,0.000,0.000,0.000,0.000,0.000,0.000,0.000,0.000,0.000,0.000,0.000,0.000,0.000,0.000,0.000,0.000,
07-22-01.317,0.974,0.147,0.140,0.046,0.000,0.000,0.000,0.000,0.000,0.000,0.000,0.000,0.961,-0.258,0.104,-0.090,0.000,0.000,0.000,0.000,0.000,0.000,0.000,0.000,0.000,0.000,0.000,0.000,0.000,0.000,0.000,0.000,
07-22-01.337,0.974,0.147,0.140,0.046,0.000,0.000,0.000,0.000,0.000,0.000,0.000,0.000,0.961,-0.258,0.103,-0.091,0.000,0.000,0.000,0.000,0.000,0.000,0.000,0.000,0.000,0.000,0.000,0.000,0.000,0.000,0.000,0.000,
07-22-01.357,0.974,0.147,0.140,0.046,0.000,0.000,0.000,0.000,0.000,0.000,0.000,0.000,0.961,-0.258,0.103,-0.091,0.000,0.000,0.000,0.000,0.000,0.000,0.000,0.000,0.000,0.000,0.000,0.000,0.000,0.000,0.000,0.000,
07-22-01.377,0.974,0.148,0.140,0.047,0.000,0.000,0.000,0.000,0.000,0.000,0.000,0.000,0.960,-0.257,0.103,-0.091,0.000,0.000,0.000,0.000,0.000,0.000,0.000,0.000,0.000,0.000,0.000,0.000,0.000,0.000,0.000,0.000,
07-22-01.397,0.974,0.148,0.140,0.047,0.000,0.000,0.000,0.000,0.000,0.000,0.000,0.000,0.960,-0.257,0.103,-0.091,0.000,0.000,0.000,0.000,0.000,0.000,0.000,0.000,0.000,0.000,0.000,0.000,0.000,0.000,0.000,0.000,
07-22-01.417,0.974,0.147,0.138,0.047,0.000,0.000,0.000,0.000,0.000,0.000,0.000,0.000,0.960,-0.257,0.102,-0.091,0.000,0.000,0.000,0.000,0.000,0.000,0.000,0.000,0.000,0.000,0.000,0.000,0.000,0.000,0.000,0.000,
07-22-01.437,0.974,0.146,0.137,0.047,0.000,0.000,0.000,0.000,0.000,0.000,0.000,0.000,0.959,-0.256,0.101,-0.092,0.000,0.000,0.000,0.000,0.000,0.000,0.000,0.000,0.000,0.000,0.000,0.000,0.000,0.000,0.000,0.000,
07-22-01.457,0.975,0.145,0.136,0.047,0.000,0.000,0.000,0.000,0.000,0.000,0.000,0.000,0.959,-0.256,0.100,-0.092,0.000,0.000,0.000,0.000,0.000,0.000,0.000,0.000,0.000,0.000,0.000,0.000,0.000,0.000,0.000,0.000,
07-22-01.477,0.976,0.145,0.135,0.047,0.000,0.000,0.000,0.000,0.000,0.000,0.000,0.000,0.960,-0.255,0.099,-0.092,0.000,0.000,0.000,0.000,0.000,0.000,0.000,0.000,0.000,0.000,0.000,0.000,0.000,0.000,0.000,0.000,
07-22-01.495,0.976,0.144,0.134,0.047,0.000,0.000,0.000,0.000,0.000,0.000,0.000,0.000,0.961,-0.254,0.096,-0.093,0.000,0.000,0.000,0.000,0.000,0.000,0.000,0.000,0.000,0.000,0.000,0.000,0.000,0.000,0.000,0.000,
07-22-01.517,0.977,0.143,0.131,0.048,0.000,0.000,0.000,0.000,0.000,0.000,0.000,0.000,0.961,-0.253,0.093,-0.094,0.000,0.000,0.000,0.000,0.000,0.000,0.000,0.000,0.000,0.000,0.000,0.000,0.000,0.000,0.000,0.000,
07-22-01.537,0.979,0.141,0.128,0.048,0.000,0.000,0.000,0.000,0.000,0.000,0.000,0.000,0.961,-0.253,0.089,-0.095,0.000,0.000,0.000,0.000,0.000,0.000,0.000,0.000,0.000,0.000,0.000,0.000,0.000,0.000,0.000,0.000,
07-22-01.557,0.980,0.139,0.125,0.048,0.000,0.000,0.000,0.000,0.000,0.000,0.000,0.000,0.962,-0.252,0.087,-0.095,0.000,0.000,0.000,0.000,0.000,0.000,0.000,0.000,0.000,0.000,0.000,0.000,0.000,0.000,0.000,0.000,
07-22-01.577,0.981,0.137,0.121,0.048,0.000,0.000,0.000,0.000,0.000,0.000,0.000,0.000,0.963,-0.251,0.084,-0.096,0.000,0.000,0.000,0.000,0.000,0.000,0.000,0.000,0.000,0.000,0.000,0.000,0.000,0.000,0.000,0.000,
07-22-01.597,0.982,0.135,0.116,0.049,0.000,0.000,0.000,0.000,0.000,0.000,0.000,0.000,0.964,-0.251,0.081,-0.097,0.000,0.000,0.000,0.000,0.000,0.000,0.000,0.000,0.000,0.000,0.000,0.000,0.000,0.000,0.000,0.000,
07-22-01.617,0.983,0.132,0.111,0.049,0.000,0.000,0.000,0.000,0.000,0.000,0.000,0.000,0.966,-0.250,0.077,-0.098,0.000,0.000,0.000,0.000,0.000,0.000,0.000,0.000,0.000,0.000,0.000,0.000,0.000,0.000,0.000,0.000,
07-22-01.637,0.984,0.129,0.106,0.049,0.000,0.000,0.000,0.000,0.000,0.000,0.000,0.000,0.966,-0.249,0.075,-0.099,0.000,0.000,0.000,0.000,0.000,0.000,0.000,0.000,0.000,0.000,0.000,0.000,0.000,0.000,0.000,0.000,
07-22-01.657,0.986,0.127,0.101,0.049,0.000,0.000,0.000,0.000,0.000,0.000,0.000,0.000,0.967,-0.247,0.068,-0.101,0.000,0.000,0.000,0.000,0.000,0.000,0.000,0.000,0.000,0.000,0.000,0.000,0.000,0.000,0.000,0.000,
07-22-01.677,0.986,0.125,0.095,0.050,0.000,0.000,0.000,0.000,0.000,0.000,0.000,0.000,0.968,-0.246,0.063,-0.102,0.000,0.000,0.000,0.000,0.000,0.000,0.000,0.000,0.000,0.000,0.000,0.000,0.000,0.000,0.000,0.000,
07-22-01.697,0.987,0.123,0.088,0.051,0.000,0.000,0.000,0.000,0.000,0.000,0.000,0.000,0.969,-0.244,0.057,-0.104,0.000,0.000,0.000,0.000,0.000,0.000,0.000,0.000,0.000,0.000,0.000,0.000,0.000,0.000,0.000,0.000,
07-22-01.717,0.988,0.120,0.082,0.051,0.000,0.000,0.000,0.000,0.000,0.000,0.000,0.000,0.970,-0.241,0.050,-0.105,0.000,0.000,0.000,0.000,0.000,0.000,0.000,0.000,0.000,0.000,0.000,0.000,0.000,0.000,0.000,0.000,
07-22-01.738,0.989,0.116,0.075,0.050,0.000,0.000,0.000,0.000,0.000,0.000,0.000,0.000,0.970,-0.240,0.044,-0.107,0.000,0.000,0.000,0.000,0.000,0.000,0.000,0.000,0.000,0.000,0.000,0.000,0.000,0.000,0.000,0.000,
07-22-01.758,0.990,0.112,0.068,0.050,0.000,0.000,0.000,0.000,0.000,0.000,0.000,0.000,0.970,-0.239,0.038,-0.108,0.000,0.000,0.000,0.000,0.000,0.000,0.000,0.000,0.000,0.000,0.000,0.000,0.000,0.000,0.000,0.000,
07-22-01.777,0.991,0.108,0.061,0.050,0.000,0.000,0.000,0.000,0.000,0.000,0.000,0.000,0.971,-0.237,0.032,-0.110,0.000,0.000,0.000,0.000,0.000,0.000,0.000,0.000,0.000,0.000,0.000,0.000,0.000,0.000,0.000,0.000,
07-22-01.797,0.992,0.105,0.054,0.051,0.000,0.000,0.000,0.000,0.000,0.000,0.000,0.000,0.971,-0.235,0.025,-0.111,0.000,0.000,0.000,0.000,0.000,0.000,0.000,0.000,0.000,0.000,0.000,0.000,0.000,0.000,0.000,0.000,
07-22-01.817,0.992,0.104,0.050,0.051,0.000,0.000,0.000,0.000,0.000,0.000,0.000,0.000,0.972,-0.234,0.019,-0.113,0.000,0.000,0.000,0.000,0.000,0.000,0.000,0.000,0.000,0.000,0.000,0.000,0.000,0.000,0.000,0.000,
07-22-01.836,0.993,0.101,0.040,0.051,0.000,0.000,0.000,0.000,0.000,0.000,0.000,0.000,0.972,-0.233,0.013,-0.114,0.000,0.000,0.000,0.000,0.000,0.000,0.000,0.000,0.000,0.000,0.000,0.000,0.000,0.000,0.000,0.000,
07-22-01.856,0.994,0.097,0.033,0.051,0.000,0.000,0.000,0.000,0.000,0.000,0.000,0.000,0.972,-0.230,0.007,-0.115,0.000,0.000,0.000,0.000,0.000,0.000,0.000,0.000,0.000,0.000,0.000,0.000,0.000,0.000,0.000,0.000,
07-22-01.876,0.994,0.094,0.025,0.051,0.000,0.000,0.000,0.000,0.000,0.000,0.000,0.000,0.973,-0.229,0.004,-0.115,0.000,0.000,0.000,0.000,0.000,0.000,0.000,0.000,0.000,0.000,0.000,0.000,0.000,0.000,0.000,0.000,
07-22-01.896,0.995,0.091,0.018,0.051,0.000,0.000,0.000,0.000,0.000,0.000,0.000,0.000,0.973,-0.226,-0.005,-0.117,0.000,0.000,0.000,0.000,0.000,0.000,0.000,0.000,0.000,0.000,0.000,0.000,0.000,0.000,0.000,0.000,
07-22-01.916,0.995,0.089,0.011,0.050,0.000,0.000,0.000,0.000,0.000,0.000,0.000,0.000,0.973,-0.225,-0.011,-0.118,0.000,0.000,0.000,0.000,0.000,0.000,0.000,0.000,0.000,0.000,0.000,0.000,0.000,0.000,0.000,0.000,
07-22-01.936,0.995,0.085,0.004,0.050,0.000,0.000,0.000,0.000,0.000,0.000,0.000,0.000,0.974,-0.223,-0.017,-0.119,0.000,0.000,0.000,0.000,0.000,0.000,0.000,0.000,0.000,0.000,0.000,0.000,0.000,0.000,0.000,0.000,
07-22-01.956,0.996,0.081,-0.003,0.049,0.000,0.000,0.000,0.000,0.000,0.000,0.000,0.000,0.974,-0.220,-0.023,-0.120,0.000,0.000,0.000,0.000,0.000,0.000,0.000,0.000,0.000,0.000,0.000,0.000,0.000,0.000,0.000,0.000,
07-22-01.976,0.996,0.078,-0.010,0.048,0.000,0.000,0.000,0.000,0.000,0.000,0.000,0.000,0.974,-0.219,-0.029,-0.121,0.000,0.000,0.000,0.000,0.000,0.000,0.000,0.000,0.000,0.000,0.000,0.000,0.000,0.000,0.000,0.000,
07-22-01.996,0.996,0.074,-0.017,0.047,0.000,0.000,0.000,0.000,0.000,0.000,0.000,0.000,0.974,-0.217,-0.035,-0.122,0.000,0.000,0.000,0.000,0.000,0.000,0.000,0.000,0.000,0.000,0.000,0.000,0.000,0.000,0.000,0.000,
07-22-02.016,0.996,0.072,-0.023,0.046,0.000,0.000,0.000,0.000,0.000,0.000,0.000,0.000,0.974,-0.215,-0.041,-0.123,0.000,0.000,0.000,0.000,0.000,0.000,0.000,0.000,0.000,0.000,0.000,0.000,0.000,0.000,0.000,0.000,
07-22-02.038,0.996,0.070,-0.030,0.046,0.000,0.000,0.000,0.000,0.000,0.000,0.000,0.000,0.974,-0.213,-0.047,-0.123,0.000,0.000,0.000,0.000,0.000,0.000,0.000,0.000,0.000,0.000,0.000,0.000,0.000,0.000,0.000,0.000,
07-22-02.057,0.996,0.066,-0.036,0.044,0.000,0.000,0.000,0.000,0.000,0.000,0.000,0.000,0.975,-0.210,-0.054,-0.123,0.000,0.000,0.000,0.000,0.000,0.000,0.000,0.000,0.000,0.000,0.000,0.000,0.000,0.000,0.000,0.000,
07-22-02.077,0.996,0.062,-0.043,0.043,0.000,0.000,0.000,0.000,0.000,0.000,0.000,0.000,0.975,-0.206,-0.061,-0.122,0.000,0.000,0.000,0.000,0.000,0.000,0.000,0.000,0.000,0.000,0.000,0.000,0.000,0.000,0.000,0.000,
07-22-02.097,0.996,0.059,-0.049,0.041,0.000,0.000,0.000,0.000,0.000,0.000,0.000,0.000,0.975,-0.203,-0.067,-0.122,0.000,0.000,0.000,0.000,0.000,0.000,0.000,0.000,0.000,0.000,0.000,0.000,0.000,0.000,0.000,0.000,
07-22-02.117,0.996,0.056,-0.056,0.040,0.000,0.000,0.000,0.000,0.000,0.000,0.000,0.000,0.976,-0.198,-0.073,-0.120,0.000,0.000,0.000,0.000,0.000,0.000,0.000,0.000,0.000,0.000,0.000,0.000,0.000,0.000,0.000,0.000,
07-22-02.137,0.996,0.052,-0.062,0.039,0.000,0.000,0.000,0.000,0.000,0.000,0.000,0.000,0.977,-0.190,-0.080,-0.118,0.000,0.000,0.000,0.000,0.000,0.000,0.000,0.000,0.000,0.000,0.000,0.000,0.000,0.000,0.000,0.000,
07-22-02.157,0.996,0.048,-0.069,0.037,0.000,0.000,0.000,0.000,0.000,0.000,0.000,0.000,0.978,-0.187,-0.083,-0.118,0.000,0.000,0.000,0.000,0.000,0.000,0.000,0.000,0.000,0.000,0.000,0.000,0.000,0.000,0.000,0.000,
07-22-02.177,0.996,0.044,-0.076,0.035,0.000,0.000,0.000,0.000,0.000,0.000,0.000,0.000,0.978,-0.183,-0.094,-0.116,0.000,0.000,0.000,0.000,0.000,0.000,0.000,0.000,0.000,0.000,0.000,0.000,0.000,0.000,0.000,0.000,
07-22-02.197,0.995,0.040,-0.083,0.033,0.000,0.000,0.000,0.000,0.000,0.000,0.000,0.000,0.977,-0.181,-0.101,-0.116,0.000,0.000,0.000,0.000,0.000,0.000,0.000,0.000,0.000,0.000,0.000,0.000,0.000,0.000,0.000,0.000,
07-22-02.216,0.995,0.037,-0.090,0.031,0.000,0.000,0.000,0.000,0.000,0.000,0.000,0.000,0.977,-0.178,-0.109,-0.115,0.000,0.000,0.000,0.000,0.000,0.000,0.000,0.000,0.000,0.000,0.000,0.000,0.000,0.000,0.000,0.000,
07-22-02.236,0.994,0.034,-0.097,0.029,0.000,0.000,0.000,0.000,0.000,0.000,0.000,0.000,0.977,-0.175,-0.116,-0.113,0.000,0.000,0.000,0.000,0.000,0.000,0.000,0.000,0.000,0.000,0.000,0.000,0.000,0.000,0.000,0.000,
07-22-02.257,0.994,0.031,-0.104,0.027,0.000,0.000,0.000,0.000,0.000,0.000,0.000,0.000,0.977,-0.172,-0.124,-0.112,0.000,0.000,0.000,0.000,0.000,0.000,0.000,0.000,0.000,0.000,0.000,0.000,0.000,0.000,0.000,0.000,
07-22-02.274,0.993,0.028,-0.111,0.025,0.000,0.000,0.000,0.000,0.000,0.000,0.000,0.000,0.977,-0.169,-0.131,-0.110,0.000,0.000,0.000,0.000,0.000,0.000,0.000,0.000,0.000,0.000,0.000,0.000,0.000,0.000,0.000,0.000,
07-22-02.297,0.992,0.025,-0.119,0.023,0.000,0.000,0.000,0.000,0.000,0.000,0.000,0.000,0.976,-0.166,-0.139,-0.109,0.000,0.000,0.000,0.000,0.000,0.000,0.000,0.000,0.000,0.000,0.000,0.000,0.000,0.000,0.000,0.000,
07-22-02.317,0.992,0.022,-0.126,0.021,0.000,0.000,0.000,0.000,0.000,0.000,0.000,0.000,0.976,-0.163,-0.147,-0.108,0.000,0.000,0.000,0.000,0.000,0.000,0.000,0.000,0.000,0.000,0.000,0.000,0.000,0.000,0.000,0.000,
07-22-02.337,0.991,0.020,-0.133,0.020,0.000,0.000,0.000,0.000,0.000,0.000,0.000,0.000,0.975,-0.162,-0.154,-0.106,0.000,0.000,0.000,0.000,0.000,0.000,0.000,0.000,0.000,0.000,0.000,0.000,0.000,0.000,0.000,0.000,
07-22-02.357,0.990,0.018,-0.141,0.018,0.000,0.000,0.000,0.000,0.000,0.000,0.000,0.000,0.974,-0.159,-0.162,-0.104,0.000,0.000,0.000,0.000,0.000,0.000,0.000,0.000,0.000,0.000,0.000,0.000,0.000,0.000,0.000,0.000,
07-22-02.376,0.989,0.016,-0.149,0.016,0.000,0.000,0.000,0.000,0.000,0.000,0.000,0.000,0.974,-0.155,-0.170,-0.101,0.000,0.000,0.000,0.000,0.000,0.000,0.000,0.000,0.000,0.000,0.000,0.000,0.000,0.000,0.000,0.000,
07-22-02.397,0.988,0.014,-0.156,0.014,0.000,0.000,0.000,0.000,0.000,0.000,0.000,0.000,0.973,-0.151,-0.178,-0.098,0.000,0.000,0.000,0.000,0.000,0.000,0.000,0.000,0.000,0.000,0.000,0.000,0.000,0.000,0.000,0.000,
07-22-02.417,0.986,0.012,-0.164,0.011,0.000,0.000,0.000,0.000,0.000,0.000,0.000,0.000,0.972,-0.150,-0.186,-0.096,0.000,0.000,0.000,0.000,0.000,0.000,0.000,0.000,0.000,0.000,0.000,0.000,0.000,0.000,0.000,0.000,
07-22-02.437,0.985,0.011,-0.171,0.008,0.000,0.000,0.000,0.000,0.000,0.000,0.000,0.000,0.971,-0.148,-0.195,-0.093,0.000,0.000,0.000,0.000,0.000,0.000,0.000,0.000,0.000,0.000,0.000,0.000,0.000,0.000,0.000,0.000,
07-22-02.457,0.984,0.011,-0.178,0.006,0.000,0.000,0.000,0.000,0.000,0.000,0.000,0.000,0.970,-0.148,-0.204,-0.091,0.000,0.000,0.000,0.000,0.000,0.000,0.000,0.000,0.000,0.000,0.000,0.000,0.000,0.000,0.000,0.000,
07-22-02.477,0.983,0.011,-0.185,0.003,0.000,0.000,0.000,0.000,0.000,0.000,0.000,0.000,0.968,-0.148,-0.212,-0.089,0.000,0.000,0.000,0.000,0.000,0.000,0.000,0.000,0.000,0.000,0.000,0.000,0.000,0.000,0.000,0.000,
07-22-02.497,0.981,0.010,-0.193,0.001,0.000,0.000,0.000,0.000,0.000,0.000,0.000,0.000,0.967,-0.146,-0.221,-0.086,0.000,0.000,0.000,0.000,0.000,0.000,0.000,0.000,0.000,0.000,0.000,0.000,0.000,0.000,0.000,0.000,
07-22-02.517,0.980,0.010,-0.200,-0.002,0.000,0.000,0.000,0.000,0.000,0.000,0.000,0.000,0.965,-0.144,-0.229,-0.083,0.000,0.000,0.000,0.000,0.000,0.000,0.000,0.000,0.000,0.000,0.000,0.000,0.000,0.000,0.000,0.000,
07-22-02.536,0.978,0.009,-0.208,-0.004,0.000,0.000,0.000,0.000,0.000,0.000,0.000,0.000,0.964,-0.143,-0.238,-0.080,0.000,0.000,0.000,0.000,0.000,0.000,0.000,0.000,0.000,0.000,0.000,0.000,0.000,0.000,0.000,0.000,
07-22-02.556,0.977,0.008,-0.216,-0.006,0.000,0.000,0.000,0.000,0.000,0.000,0.000,0.000,0.962,-0.142,-0.246,-0.077,0.000,0.000,0.000,0.000,0.000,0.000,0.000,0.000,0.000,0.000,0.000,0.000,0.000,0.000,0.000,0.000,
07-22-02.576,0.975,0.007,-0.223,-0.009,0.000,0.000,0.000,0.000,0.000,0.000,0.000,0.000,0.960,-0.140,-0.254,-0.074,0.000,0.000,0.000,0.000,0.000,0.000,0.000,0.000,0.000,0.000,0.000,0.000,0.000,0.000,0.000,0.000,
07-22-02.596,0.973,0.005,-0.231,-0.012,0.000,0.000,0.000,0.000,0.000,0.000,0.000,0.000,0.958,-0.139,-0.262,-0.071,0.000,0.000,0.000,0.000,0.000,0.000,0.000,0.000,0.000,0.000,0.000,0.000,0.000,0.000,0.000,0.000,
07-22-02.616,0.971,0.005,-0.238,-0.014,0.000,0.000,0.000,0.000,0.000,0.000,0.000,0.000,0.956,-0.141,-0.270,-0.071,0.000,0.000,0.000,0.000,0.000,0.000,0.000,0.000,0.000,0.000,0.000,0.000,0.000,0.000,0.000,0.000,
07-22-02.636,0.969,0.005,-0.246,-0.015,0.000,0.000,0.000,0.000,0.000,0.000,0.000,0.000,0.954,-0.144,-0.276,-0.070,0.000,0.000,0.000,0.000,0.000,0.000,0.000,0.000,0.000,0.000,0.000,0.000,0.000,0.000,0.000,0.000,
07-22-02.656,0.968,0.005,-0.253,-0.017,0.000,0.000,0.000,0.000,0.000,0.000,0.000,0.000,0.952,-0.143,-0.283,-0.068,0.000,0.000,0.000,0.000,0.000,0.000,0.000,0.000,0.000,0.000,0.000,0.000,0.000,0.000,0.000,0.000,
07-22-02.676,0.966,0.005,-0.259,-0.018,0.000,0.000,0.000,0.000,0.000,0.000,0.000,0.000,0.951,-0.141,-0.290,-0.064,0.000,0.000,0.000,0.000,0.000,0.000,0.000,0.000,0.000,0.000,0.000,0.000,0.000,0.000,0.000,0.000,
07-22-02.698,0.964,0.005,-0.266,-0.020,0.000,0.000,0.000,0.000,0.000,0.000,0.000,0.000,0.949,-0.139,-0.296,-0.061,0.000,0.000,0.000,0.000,0.000,0.000,0.000,0.000,0.000,0.000,0.000,0.000,0.000,0.000,0.000,0.000,
07-22-02.718,0.962,0.005,-0.273,-0.023,0.000,0.000,0.000,0.000,0.000,0.000,0.000,0.000,0.947,-0.138,-0.303,-0.059,0.000,0.000,0.000,0.000,0.000,0.000,0.000,0.000,0.000,0.000,0.000,0.000,0.000,0.000,0.000,0.000,
07-22-02.738,0.960,0.006,-0.280,-0.025,0.000,0.000,0.000,0.000,0.000,0.000,0.000,0.000,0.946,-0.138,-0.309,-0.057,0.000,0.000,0.000,0.000,0.000,0.000,0.000,0.000,0.000,0.000,0.000,0.000,0.000,0.000,0.000,0.000,
07-22-02.758,0.958,0.006,-0.287,-0.028,0.000,0.000,0.000,0.000,0.000,0.000,0.000,0.000,0.944,-0.138,-0.315,-0.054,0.000,0.000,0.000,0.000,0.000,0.000,0.000,0.000,0.000,0.000,0.000,0.000,0.000,0.000,0.000,0.000,
07-22-02.778,0.956,0.005,-0.293,-0.031,0.000,0.000,0.000,0.000,0.000,0.000,0.000,0.000,0.942,-0.137,-0.321,-0.052,0.000,0.000,0.000,0.000,0.000,0.000,0.000,0.000,0.000,0.000,0.000,0.000,0.000,0.000,0.000,0.000,
07-22-02.798,0.953,0.004,-0.300,-0.034,0.000,0.000,0.000,0.000,0.000,0.000,0.000,0.000,0.940,-0.137,-0.327,-0.049,0.000,0.000,0.000,0.000,0.000,0.000,0.000,0.000,0.000,0.000,0.000,0.000,0.000,0.000,0.000,0.000,
07-22-02.818,0.951,0.004,-0.306,-0.037,0.000,0.000,0.000,0.000,0.000,0.000,0.000,0.000,0.938,-0.137,-0.333,-0.047,0.000,0.000,0.000,0.000,0.000,0.000,0.000,0.000,0.000,0.000,0.000,0.000,0.000,0.000,0.000,0.000,
07-22-02.837,0.949,0.003,-0.313,-0.041,0.000,0.000,0.000,0.000,0.000,0.000,0.000,0.000,0.936,-0.136,-0.340,-0.044,0.000,0.000,0.000,0.000,0.000,0.000,0.000,0.000,0.000,0.000,0.000,0.000,0.000,0.000,0.000,0.000,
07-22-02.857,0.947,0.001,-0.319,-0.045,0.000,0.000,0.000,0.000,0.000,0.000,0.000,0.000,0.934,-0.134,-0.347,-0.041,0.000,0.000,0.000,0.000,0.000,0.000,0.000,0.000,0.000,0.000,0.000,0.000,0.000,0.000,0.000,0.000,
07-22-02.877,0.944,0.000,-0.325,-0.049,0.000,0.000,0.000,0.000,0.000,0.000,0.000,0.000,0.932,-0.133,-0.353,-0.037,0.000,0.000,0.000,0.000,0.000,0.000,0.000,0.000,0.000,0.000,0.000,0.000,0.000,0.000,0.000,0.000,
07-22-02.897,0.942,0.000,-0.332,-0.052,0.000,0.000,0.000,0.000,0.000,0.000,0.000,0.000,0.929,-0.132,-0.360,-0.034,0.000,0.000,0.000,0.000,0.000,0.000,0.000,0.000,0.000,0.000,0.000,0.000,0.000,0.000,0.000,0.000,
07-22-02.917,0.940,-0.002,-0.338,-0.056,0.000,0.000,0.000,0.000,0.000,0.000,0.000,0.000,0.927,-0.131,-0.367,-0.032,0.000,0.000,0.000,0.000,0.000,0.000,0.000,0.000,0.000,0.000,0.000,0.000,0.000,0.000,0.000,0.000,
07-22-02.937,0.937,-0.003,-0.345,-0.060,0.000,0.000,0.000,0.000,0.000,0.000,0.000,0.000,0.924,-0.130,-0.373,-0.030,0.000,0.000,0.000,0.000,0.000,0.000,0.000,0.000,0.000,0.000,0.000,0.000,0.000,0.000,0.000,0.000,
07-22-02.957,0.934,-0.003,-0.351,-0.063,0.000,0.000,0.000,0.000,0.000,0.000,0.000,0.000,0.922,-0.128,-0.380,-0.027,0.000,0.000,0.000,0.000,0.000,0.000,0.000,0.000,0.000,0.000,0.000,0.000,0.000,0.000,0.000,0.000,
07-22-02.977,0.932,-0.004,-0.358,-0.066,0.000,0.000,0.000,0.000,0.000,0.000,0.000,0.000,0.920,-0.125,-0.387,-0.024,0.000,0.000,0.000,0.000,0.000,0.000,0.000,0.000,0.000,0.000,0.000,0.000,0.000,0.000,0.000,0.000,
07-22-02.997,0.929,-0.005,-0.364,-0.069,0.000,0.000,0.000,0.000,0.000,0.000,0.000,0.000,0.917,-0.124,-0.394,-0.021,0.000,0.000,0.000,0.000,0.000,0.000,0.000,0.000,0.000,0.000,0.000,0.000,0.000,0.000,0.000,0.000,
07-22-03.017,0.926,-0.007,-0.371,-0.073,0.000,0.000,0.000,0.000,0.000,0.000,0.000,0.000,0.914,-0.124,-0.401,-0.018,0.000,0.000,0.000,0.000,0.000,0.000,0.000,0.000,0.000,0.000,0.000,0.000,0.000,0.000,0.000,0.000,
07-22-03.036,0.923,-0.008,-0.377,-0.077,0.000,0.000,0.000,0.000,0.000,0.000,0.000,0.000,0.911,-0.123,-0.407,-0.016,0.000,0.000,0.000,0.000,0.000,0.000,0.000,0.000,0.000,0.000,0.000,0.000,0.000,0.000,0.000,0.000,
07-22-03.056,0.920,-0.008,-0.383,-0.079,0.000,0.000,0.000,0.000,0.000,0.000,0.000,0.000,0.909,-0.122,-0.414,-0.014,0.000,0.000,0.000,0.000,0.000,0.000,0.000,0.000,0.000,0.000,0.000,0.000,0.000,0.000,0.000,0.000,
07-22-03.076,0.918,-0.008,-0.388,-0.082,0.000,0.000,0.000,0.000,0.000,0.000,0.000,0.000,0.906,-0.120,-0.420,-0.011,0.000,0.000,0.000,0.000,0.000,0.000,0.000,0.000,0.000,0.000,0.000,0.000,0.000,0.000,0.000,0.000,
07-22-03.098,0.915,-0.008,-0.394,-0.084,0.000,0.000,0.000,0.000,0.000,0.000,0.000,0.000,0.904,-0.119,-0.425,-0.008,0.000,0.000,0.000,0.000,0.000,0.000,0.000,0.000,0.000,0.000,0.000,0.000,0.000,0.000,0.000,0.000,
07-22-03.118,0.913,-0.008,-0.399,-0.085,0.000,0.000,0.000,0.000,0.000,0.000,0.000,0.000,0.901,-0.118,-0.431,-0.005,0.000,0.000,0.000,0.000,0.000,0.000,0.000,0.000,0.000,0.000,0.000,0.000,0.000,0.000,0.000,0.000,
07-22-03.138,0.911,-0.007,-0.405,-0.085,0.000,0.000,0.000,0.000,0.000,0.000,0.000,0.000,0.899,-0.118,-0.435,-0.003,0.000,0.000,0.000,0.000,0.000,0.000,0.000,0.000,0.000,0.000,0.000,0.000,0.000,0.000,0.000,0.000,
07-22-03.158,0.908,-0.007,-0.409,-0.086,0.000,0.000,0.000,0.000,0.000,0.000,0.000,0.000,0.898,-0.118,-0.438,-0.002,0.000,0.000,0.000,0.000,0.000,0.000,0.000,0.000,0.000,0.000,0.000,0.000,0.000,0.000,0.000,0.000,
07-22-03.178,0.906,-0.006,-0.414,-0.086,0.000,0.000,0.000,0.000,0.000,0.000,0.000,0.000,0.895,-0.117,-0.444,0.001,0.000,0.000,0.000,0.000,0.000,0.000,0.000,0.000,0.000,0.000,0.000,0.000,0.000,0.000,0.000,0.000,
07-22-03.198,0.904,-0.006,-0.419,-0.087,0.000,0.000,0.000,0.000,0.000,0.000,0.000,0.000,0.893,-0.117,-0.448,0.002,0.000,0.000,0.000,0.000,0.000,0.000,0.000,0.000,0.000,0.000,0.000,0.000,0.000,0.000,0.000,0.000,
07-22-03.217,0.902,-0.005,-0.423,-0.088,0.000,0.000,0.000,0.000,0.000,0.000,0.000,0.000,0.891,-0.117,-0.451,0.003,0.000,0.000,0.000,0.000,0.000,0.000,0.000,0.000,0.000,0.000,0.000,0.000,0.000,0.000,0.000,0.000,
07-22-03.237,0.900,-0.005,-0.427,-0.088,0.000,0.000,0.000,0.000,0.000,0.000,0.000,0.000,0.890,-0.116,-0.455,0.004,0.000,0.000,0.000,0.000,0.000,0.000,0.000,0.000,0.000,0.000,0.000,0.000,0.000,0.000,0.000,0.000,
07-22-03.257,0.898,-0.005,-0.431,-0.089,0.000,0.000,0.000,0.000,0.000,0.000,0.000,0.000,0.888,-0.117,-0.458,0.005,0.000,0.000,0.000,0.000,0.000,0.000,0.000,0.000,0.000,0.000,0.000,0.000,0.000,0.000,0.000,0.000,
07-22-03.275,0.896,-0.005,-0.434,-0.090,0.000,0.000,0.000,0.000,0.000,0.000,0.000,0.000,0.886,-0.118,-0.462,0.005,0.000,0.000,0.000,0.000,0.000,0.000,0.000,0.000,0.000,0.000,0.000,0.000,0.000,0.000,0.000,0.000,
07-22-03.297,0.895,-0.005,-0.438,-0.092,0.000,0.000,0.000,0.000,0.000,0.000,0.000,0.000,0.884,-0.118,-0.465,0.005,0.000,0.000,0.000,0.000,0.000,0.000,0.000,0.000,0.000,0.000,0.000,0.000,0.000,0.000,0.000,0.000,
07-22-03.317,0.893,-0.006,-0.441,-0.092,0.000,0.000,0.000,0.000,0.000,0.000,0.000,0.000,0.882,-0.118,-0.469,0.006,0.000,0.000,0.000,0.000,0.000,0.000,0.000,0.000,0.000,0.000,0.000,0.000,0.000,0.000,0.000,0.000,
07-22-03.337,0.891,-0.006,-0.445,-0.093,0.000,0.000,0.000,0.000,0.000,0.000,0.000,0.000,0.880,-0.118,-0.472,0.008,0.000,0.000,0.000,0.000,0.000,0.000,0.000,0.000,0.000,0.000,0.000,0.000,0.000,0.000,0.000,0.000,
07-22-03.357,0.889,-0.006,-0.449,-0.093,0.000,0.000,0.000,0.000,0.000,0.000,0.000,0.000,0.879,-0.117,-0.476,0.010,0.000,0.000,0.000,0.000,0.000,0.000,0.000,0.000,0.000,0.000,0.000,0.000,0.000,0.000,0.000,0.000,
07-22-03.377,0.887,-0.007,-0.453,-0.094,0.000,0.000,0.000,0.000,0.000,0.000,0.000,0.000,0.877,-0.117,-0.478,0.010,0.000,0.000,0.000,0.000,0.000,0.000,0.000,0.000,0.000,0.000,0.000,0.000,0.000,0.000,0.000,0.000,
07-22-03.397,0.885,-0.009,-0.455,-0.096,0.000,0.000,0.000,0.000,0.000,0.000,0.000,0.000,0.875,-0.117,-0.482,0.011,0.000,0.000,0.000,0.000,0.000,0.000,0.000,0.000,0.000,0.000,0.000,0.000,0.000,0.000,0.000,0.000,
07-22-03.417,0.884,-0.012,-0.458,-0.099,0.000,0.000,0.000,0.000,0.000,0.000,0.000,0.000,0.874,-0.116,-0.484,0.012,0.000,0.000,0.000,0.000,0.000,0.000,0.000,0.000,0.000,0.000,0.000,0.000,0.000,0.000,0.000,0.000,
07-22-03.437,0.882,-0.014,-0.460,-0.102,0.000,0.000,0.000,0.000,0.000,0.000,0.000,0.000,0.873,-0.115,-0.486,0.013,0.000,0.000,0.000,0.000,0.000,0.000,0.000,0.000,0.000,0.000,0.000,0.000,0.000,0.000,0.000,0.000,
07-22-03.457,0.881,-0.014,-0.463,-0.102,0.000,0.000,0.000,0.000,0.000,0.000,0.000,0.000,0.872,-0.114,-0.488,0.014,0.000,0.000,0.000,0.000,0.000,0.000,0.000,0.000,0.000,0.000,0.000,0.000,0.000,0.000,0.000,0.000,
07-22-03.475,0.879,-0.014,-0.465,-0.102,0.000,0.000,0.000,0.000,0.000,0.000,0.000,0.000,0.871,-0.114,-0.490,0.015,0.000,0.000,0.000,0.000,0.000,0.000,0.000,0.000,0.000,0.000,0.000,0.000,0.000,0.000,0.000,0.000,
07-22-03.496,0.878,-0.014,-0.467,-0.102,0.000,0.000,0.000,0.000,0.000,0.000,0.000,0.000,0.871,-0.114,-0.490,0.015,0.000,0.000,0.000,0.000,0.000,0.000,0.000,0.000,0.000,0.000,0.000,0.000,0.000,0.000,0.000,0.000,
07-22-03.517,0.877,-0.013,-0.469,-0.102,0.000,0.000,0.000,0.000,0.000,0.000,0.000,0.000,0.871,-0.113,-0.490,0.016,0.000,0.000,0.000,0.000,0.000,0.000,0.000,0.000,0.000,0.000,0.000,0.000,0.000,0.000,0.000,0.000,
07-22-03.536,0.877,-0.013,-0.470,-0.102,0.000,0.000,0.000,0.000,0.000,0.000,0.000,0.000,0.871,-0.112,-0.490,0.017,0.000,0.000,0.000,0.000,0.000,0.000,0.000,0.000,0.000,0.000,0.000,0.000,0.000,0.000,0.000,0.000,
07-22-03.556,0.877,-0.013,-0.470,-0.101,0.000,0.000,0.000,0.000,0.000,0.000,0.000,0.000,0.872,-0.112,-0.489,0.016,0.000,0.000,0.000,0.000,0.000,0.000,0.000,0.000,0.000,0.000,0.000,0.000,0.000,0.000,0.000,0.000,
07-22-03.576,0.877,-0.013,-0.470,-0.100,0.000,0.000,0.000,0.000,0.000,0.000,0.000,0.000,0.873,-0.112,-0.488,0.015,0.000,0.000,0.000,0.000,0.000,0.000,0.000,0.000,0.000,0.000,0.000,0.000,0.000,0.000,0.000,0.000,
07-22-03.596,0.877,-0.013,-0.470,-0.100,0.000,0.000,0.000,0.000,0.000,0.000,0.000,0.000,0.873,-0.112,-0.486,0.014,0.000,0.000,0.000,0.000,0.000,0.000,0.000,0.000,0.000,0.000,0.000,0.000,0.000,0.000,0.000,0.000,
07-22-03.616,0.878,-0.014,-0.468,-0.099,0.000,0.000,0.000,0.000,0.000,0.000,0.000,0.000,0.875,-0.112,-0.484,0.013,0.000,0.000,0.000,0.000,0.000,0.000,0.000,0.000,0.000,0.000,0.000,0.000,0.000,0.000,0.000,0.000,
07-22-03.635,0.879,-0.014,-0.466,-0.099,0.000,0.000,0.000,0.000,0.000,0.000,0.000,0.000,0.876,-0.113,-0.481,0.012,0.000,0.000,0.000,0.000,0.000,0.000,0.000,0.000,0.000,0.000,0.000,0.000,0.000,0.000,0.000,0.000,
07-22-03.655,0.881,-0.014,-0.463,-0.098,0.000,0.000,0.000,0.000,0.000,0.000,0.000,0.000,0.878,-0.113,-0.478,0.010,0.000,0.000,0.000,0.000,0.000,0.000,0.000,0.000,0.000,0.000,0.000,0.000,0.000,0.000,0.000,0.000,
07-22-03.677,0.882,-0.013,-0.461,-0.097,0.000,0.000,0.000,0.000,0.000,0.000,0.000,0.000,0.879,-0.113,-0.475,0.009,0.000,0.000,0.000,0.000,0.000,0.000,0.000,0.000,0.000,0.000,0.000,0.000,0.000,0.000,0.000,0.000,
07-22-03.697,0.884,-0.013,-0.458,-0.096,0.000,0.000,0.000,0.000,0.000,0.000,0.000,0.000,0.881,-0.113,-0.472,0.008,0.000,0.000,0.000,0.000,0.000,0.000,0.000,0.000,0.000,0.000,0.000,0.000,0.000,0.000,0.000,0.000,
07-22-03.717,0.885,-0.012,-0.455,-0.095,0.000,0.000,0.000,0.000,0.000,0.000,0.000,0.000,0.883,-0.113,-0.469,0.007,0.000,0.000,0.000,0.000,0.000,0.000,0.000,0.000,0.000,0.000,0.000,0.000,0.000,0.000,0.000,0.000,
07-22-03.737,0.887,-0.012,-0.452,-0.094,0.000,0.000,0.000,0.000,0.000,0.000,0.000,0.000,0.884,-0.112,-0.466,0.006,0.000,0.000,0.000,0.000,0.000,0.000,0.000,0.000,0.000,0.000,0.000,0.000,0.000,0.000,0.000,0.000,
07-22-03.757,0.889,-0.011,-0.449,-0.093,0.000,0.000,0.000,0.000,0.000,0.000,0.000,0.000,0.886,-0.110,-0.462,0.005,0.000,0.000,0.000,0.000,0.000,0.000,0.000,0.000,0.000,0.000,0.000,0.000,0.000,0.000,0.000,0.000,
07-22-03.777,0.890,-0.011,-0.446,-0.092,0.000,0.000,0.000,0.000,0.000,0.000,0.000,0.000,0.889,-0.110,-0.459,0.004,0.000,0.000,0.000,0.000,0.000,0.000,0.000,0.000,0.000,0.000,0.000,0.000,0.000,0.000,0.000,0.000,
07-22-03.797,0.892,-0.010,-0.442,-0.090,0.000,0.000,0.000,0.000,0.000,0.000,0.000,0.000,0.891,-0.108,-0.455,0.003,0.000,0.000,0.000,0.000,0.000,0.000,0.000,0.000,0.000,0.000,0.000,0.000,0.000,0.000,0.000,0.000,
07-22-03.817,0.895,-0.011,-0.441,-0.087,0.000,0.000,0.000,0.000,0.000,0.000,0.000,0.000,0.893,-0.107,-0.451,0.002,0.000,0.000,0.000,0.000,0.000,0.000,0.000,0.000,0.000,0.000,0.000,0.000,0.000,0.000,0.000,0.000,
07-22-03.837,0.898,-0.014,-0.438,-0.084,0.000,0.000,0.000,0.000,0.000,0.000,0.000,0.000,0.895,-0.107,-0.446,0.000,0.000,0.000,0.000,0.000,0.000,0.000,0.000,0.000,0.000,0.000,0.000,0.000,0.000,0.000,0.000,0.000,
07-22-03.857,0.901,-0.014,-0.433,-0.082,0.000,0.000,0.000,0.000,0.000,0.000,0.000,0.000,0.897,-0.107,-0.442,-0.003,0.000,0.000,0.000,0.000,0.000,0.000,0.000,0.000,0.000,0.000,0.000,0.000,0.000,0.000,0.000,0.000,
07-22-03.876,0.903,-0.015,-0.428,-0.080,0.000,0.000,0.000,0.000,0.000,0.000,0.000,0.000,0.900,-0.106,-0.437,-0.005,0.000,0.000,0.000,0.000,0.000,0.000,0.000,0.000,0.000,0.000,0.000,0.000,0.000,0.000,0.000,0.000,
07-22-03.898,0.906,-0.014,-0.423,-0.078,0.000,0.000,0.000,0.000,0.000,0.000,0.000,0.000,0.902,-0.105,-0.432,-0.008,0.000,0.000,0.000,0.000,0.000,0.000,0.000,0.000,0.000,0.000,0.000,0.000,0.000,0.000,0.000,0.000,
07-22-03.917,0.909,-0.015,-0.418,-0.076,0.000,0.000,0.000,0.000,0.000,0.000,0.000,0.000,0.905,-0.105,-0.426,-0.010,0.000,0.000,0.000,0.000,0.000,0.000,0.000,0.000,0.000,0.000,0.000,0.000,0.000,0.000,0.000,0.000,
07-22-03.937,0.911,-0.016,-0.412,-0.076,0.000,0.000,0.000,0.000,0.000,0.000,0.000,0.000,0.908,-0.106,-0.421,-0.013,0.000,0.000,0.000,0.000,0.000,0.000,0.000,0.000,0.000,0.000,0.000,0.000,0.000,0.000,0.000,0.000,
07-22-03.956,0.914,-0.017,-0.405,-0.075,0.000,0.000,0.000,0.000,0.000,0.000,0.000,0.000,0.911,-0.105,-0.414,-0.016,0.000,0.000,0.000,0.000,0.000,0.000,0.000,0.000,0.000,0.000,0.000,0.000,0.000,0.000,0.000,0.000,
07-22-03.976,0.917,-0.016,-0.399,-0.073,0.000,0.000,0.000,0.000,0.000,0.000,0.000,0.000,0.914,-0.104,-0.407,-0.018,0.000,0.000,0.000,0.000,0.000,0.000,0.000,0.000,0.000,0.000,0.000,0.000,0.000,0.000,0.000,0.000,
07-22-03.996,0.920,-0.015,-0.392,-0.070,0.000,0.000,0.000,0.000,0.000,0.000,0.000,0.000,0.916,-0.105,-0.401,-0.021,0.000,0.000,0.000,0.000,0.000,0.000,0.000,0.000,0.000,0.000,0.000,0.000,0.000,0.000,0.000,0.000,
07-22-04.016,0.923,-0.014,-0.385,-0.068,0.000,0.000,0.000,0.000,0.000,0.000,0.000,0.000,0.919,-0.104,-0.394,-0.023,0.000,0.000,0.000,0.000,0.000,0.000,0.000,0.000,0.000,0.000,0.000,0.000,0.000,0.000,0.000,0.000,
07-22-04.036,0.926,-0.013,-0.379,-0.065,0.000,0.000,0.000,0.000,0.000,0.000,0.000,0.000,0.922,-0.104,-0.387,-0.025,0.000,0.000,0.000,0.000,0.000,0.000,0.000,0.000,0.000,0.000,0.000,0.000,0.000,0.000,0.000,0.000,
07-22-04.056,0.929,-0.012,-0.371,-0.063,0.000,0.000,0.000,0.000,0.000,0.000,0.000,0.000,0.925,-0.106,-0.379,-0.028,0.000,0.000,0.000,0.000,0.000,0.000,0.000,0.000,0.000,0.000,0.000,0.000,0.000,0.000,0.000,0.000,
07-22-04.076,0.933,-0.012,-0.364,-0.062,0.000,0.000,0.000,0.000,0.000,0.000,0.000,0.000,0.928,-0.107,-0.372,-0.031,0.000,0.000,0.000,0.000,0.000,0.000,0.000,0.000,0.000,0.000,0.000,0.000,0.000,0.000,0.000,0.000,
07-22-04.096,0.935,-0.009,-0.357,-0.059,0.000,0.000,0.000,0.000,0.000,0.000,0.000,0.000,0.931,-0.107,-0.363,-0.034,0.000,0.000,0.000,0.000,0.000,0.000,0.000,0.000,0.000,0.000,0.000,0.000,0.000,0.000,0.000,0.000,
07-22-04.117,0.938,-0.006,-0.350,-0.055,0.000,0.000,0.000,0.000,0.000,0.000,0.000,0.000,0.934,-0.108,-0.355,-0.036,0.000,0.000,0.000,0.000,0.000,0.000,0.000,0.000,0.000,0.000,0.000,0.000,0.000,0.000,0.000,0.000,
07-22-04.136,0.942,-0.005,-0.341,-0.054,0.000,0.000,0.000,0.000,0.000,0.000,0.000,0.000,0.937,-0.107,-0.348,-0.037,0.000,0.000,0.000,0.000,0.000,0.000,0.000,0.000,0.000,0.000,0.000,0.000,0.000,0.000,0.000,0.000,
07-22-04.156,0.944,-0.005,-0.333,-0.053,0.000,0.000,0.000,0.000,0.000,0.000,0.000,0.000,0.940,-0.105,-0.340,-0.038,0.000,0.000,0.000,0.000,0.000,0.000,0.000,0.000,0.000,0.000,0.000,0.000,0.000,0.000,0.000,0.000,
07-22-04.176,0.947,-0.006,-0.326,-0.053,0.000,0.000,0.000,0.000,0.000,0.000,0.000,0.000,0.943,-0.102,-0.333,-0.037,0.000,0.000,0.000,0.000,0.000,0.000,0.000,0.000,0.000,0.000,0.000,0.000,0.000,0.000,0.000,0.000,
07-22-04.196,0.950,-0.007,-0.318,-0.053,0.000,0.000,0.000,0.000,0.000,0.000,0.000,0.000,0.946,-0.097,-0.326,-0.035,0.000,0.000,0.000,0.000,0.000,0.000,0.000,0.000,0.000,0.000,0.000,0.000,0.000,0.000,0.000,0.000,
07-22-04.216,0.952,-0.008,-0.311,-0.054,0.000,0.000,0.000,0.000,0.000,0.000,0.000,0.000,0.949,-0.092,-0.320,-0.033,0.000,0.000,0.000,0.000,0.000,0.000,0.000,0.000,0.000,0.000,0.000,0.000,0.000,0.000,0.000,0.000,
07-22-04.236,0.954,-0.007,-0.304,-0.053,0.000,0.000,0.000,0.000,0.000,0.000,0.000,0.000,0.951,-0.090,-0.313,-0.033,0.000,0.000,0.000,0.000,0.000,0.000,0.000,0.000,0.000,0.000,0.000,0.000,0.000,0.000,0.000,0.000,
07-22-04.256,0.956,-0.006,-0.297,-0.052,0.000,0.000,0.000,0.000,0.000,0.000,0.000,0.000,0.953,-0.090,-0.307,-0.034,0.000,0.000,0.000,0.000,0.000,0.000,0.000,0.000,0.000,0.000,0.000,0.000,0.000,0.000,0.000,0.000,
07-22-04.278,0.958,-0.004,-0.291,-0.051,0.000,0.000,0.000,0.000,0.000,0.000,0.000,0.000,0.955,-0.091,-0.300,-0.035,0.000,0.000,0.000,0.000,0.000,0.000,0.000,0.000,0.000,0.000,0.000,0.000,0.000,0.000,0.000,0.000,
07-22-04.298,0.960,-0.002,-0.285,-0.049,0.000,0.000,0.000,0.000,0.000,0.000,0.000,0.000,0.957,-0.092,-0.295,-0.036,0.000,0.000,0.000,0.000,0.000,0.000,0.000,0.000,0.000,0.000,0.000,0.000,0.000,0.000,0.000,0.000,
07-22-04.318,0.962,0.003,-0.280,-0.046,0.000,0.000,0.000,0.000,0.000,0.000,0.000,0.000,0.958,-0.091,-0.289,-0.037,0.000,0.000,0.000,0.000,0.000,0.000,0.000,0.000,0.000,0.000,0.000,0.000,0.000,0.000,0.000,0.000,
07-22-04.337,0.964,0.006,-0.274,-0.043,0.000,0.000,0.000,0.000,0.000,0.000,0.000,0.000,0.960,-0.091,-0.284,-0.038,0.000,0.000,0.000,0.000,0.000,0.000,0.000,0.000,0.000,0.000,0.000,0.000,0.000,0.000,0.000,0.000,
07-22-04.357,0.965,0.009,-0.269,-0.041,0.000,0.000,0.000,0.000,0.000,0.000,0.000,0.000,0.962,-0.091,-0.278,-0.039,0.000,0.000,0.000,0.000,0.000,0.000,0.000,0.000,0.000,0.000,0.000,0.000,0.000,0.000,0.000,0.000,
07-22-04.377,0.967,0.010,-0.263,-0.040,0.000,0.000,0.000,0.000,0.000,0.000,0.000,0.000,0.963,-0.092,-0.274,-0.039,0.000,0.000,0.000,0.000,0.000,0.000,0.000,0.000,0.000,0.000,0.000,0.000,0.000,0.000,0.000,0.000,
07-22-04.396,0.969,0.013,-0.257,-0.038,0.000,0.000,0.000,0.000,0.000,0.000,0.000,0.000,0.964,-0.092,-0.268,-0.039,0.000,0.000,0.000,0.000,0.000,0.000,0.000,0.000,0.000,0.000,0.000,0.000,0.000,0.000,0.000,0.000,
07-22-04.416,0.970,0.016,-0.251,-0.036,0.000,0.000,0.000,0.000,0.000,0.000,0.000,0.000,0.965,-0.091,-0.266,-0.039,0.000,0.000,0.000,0.000,0.000,0.000,0.000,0.000,0.000,0.000,0.000,0.000,0.000,0.000,0.000,0.000,
07-22-04.436,0.972,0.021,-0.245,-0.033,0.000,0.000,0.000,0.000,0.000,0.000,0.000,0.000,0.967,-0.092,-0.258,-0.041,0.000,0.000,0.000,0.000,0.000,0.000,0.000,0.000,0.000,0.000,0.000,0.000,0.000,0.000,0.000,0.000,
07-22-04.456,0.973,0.025,-0.239,-0.029,0.000,0.000,0.000,0.000,0.000,0.000,0.000,0.000,0.968,-0.095,-0.251,-0.043,0.000,0.000,0.000,0.000,0.000,0.000,0.000,0.000,0.000,0.000,0.000,0.000,0.000,0.000,0.000,0.000,
07-22-04.476,0.975,0.028,-0.234,-0.027,0.000,0.000,0.000,0.000,0.000,0.000,0.000,0.000,0.969,-0.100,-0.245,-0.047,0.000,0.000,0.000,0.000,0.000,0.000,0.000,0.000,0.000,0.000,0.000,0.000,0.000,0.000,0.000,0.000,
07-22-04.496,0.976,0.031,-0.228,-0.025,0.000,0.000,0.000,0.000,0.000,0.000,0.000,0.000,0.970,-0.103,-0.239,-0.050,0.000,0.000,0.000,0.000,0.000,0.000,0.000,0.000,0.000,0.000,0.000,0.000,0.000,0.000,0.000,0.000,
07-22-04.516,0.977,0.033,-0.223,-0.024,0.000,0.000,0.000,0.000,0.000,0.000,0.000,0.000,0.971,-0.106,-0.234,-0.052,0.000,0.000,0.000,0.000,0.000,0.000,0.000,0.000,0.000,0.000,0.000,0.000,0.000,0.000,0.000,0.000,
07-22-04.536,0.978,0.034,-0.220,-0.023,0.000,0.000,0.000,0.000,0.000,0.000,0.000,0.000,0.972,-0.106,-0.228,-0.053,0.000,0.000,0.000,0.000,0.000,0.000,0.000,0.000,0.000,0.000,0.000,0.000,0.000,0.000,0.000,0.000,
07-22-04.556,0.980,0.037,-0.211,-0.021,0.000,0.000,0.000,0.000,0.000,0.000,0.000,0.000,0.973,-0.107,-0.223,-0.054,0.000,0.000,0.000,0.000,0.000,0.000,0.000,0.000,0.000,0.000,0.000,0.000,0.000,0.000,0.000,0.000,
07-22-04.576,0.981,0.037,-0.205,-0.020,0.000,0.000,0.000,0.000,0.000,0.000,0.000,0.000,0.975,-0.108,-0.217,-0.056,0.000,0.000,0.000,0.000,0.000,0.000,0.000,0.000,0.000,0.000,0.000,0.000,0.000,0.000,0.000,0.000,
07-22-04.596,0.982,0.040,-0.200,-0.018,0.000,0.000,0.000,0.000,0.000,0.000,0.000,0.000,0.976,-0.109,-0.212,-0.058,0.000,0.000,0.000,0.000,0.000,0.000,0.000,0.000,0.000,0.000,0.000,0.000,0.000,0.000,0.000,0.000,
07-22-04.616,0.983,0.043,-0.194,-0.015,0.000,0.000,0.000,0.000,0.000,0.000,0.000,0.000,0.977,-0.110,-0.206,-0.059,0.000,0.000,0.000,0.000,0.000,0.000,0.000,0.000,0.000,0.000,0.000,0.000,0.000,0.000,0.000,0.000,
07-22-04.636,0.984,0.046,-0.187,-0.012,0.000,0.000,0.000,0.000,0.000,0.000,0.000,0.000,0.978,-0.111,-0.200,-0.061,0.000,0.000,0.000,0.000,0.000,0.000,0.000,0.000,0.000,0.000,0.000,0.000,0.000,0.000,0.000,0.000,
07-22-04.656,0.985,0.047,-0.181,-0.010,0.000,0.000,0.000,0.000,0.000,0.000,0.000,0.000,0.978,-0.113,-0.194,-0.063,0.000,0.000,0.000,0.000,0.000,0.000,0.000,0.000,0.000,0.000,0.000,0.000,0.000,0.000,0.000,0.000,
07-22-04.677,0.986,0.050,-0.175,-0.007,0.000,0.000,0.000,0.000,0.000,0.000,0.000,0.000,0.979,-0.117,-0.187,-0.066,0.000,0.000,0.000,0.000,0.000,0.000,0.000,0.000,0.000,0.000,0.000,0.000,0.000,0.000,0.000,0.000,
07-22-04.697,0.987,0.054,-0.168,-0.004,0.000,0.000,0.000,0.000,0.000,0.000,0.000,0.000,0.980,-0.120,-0.180,-0.069,0.000,0.000,0.000,0.000,0.000,0.000,0.000,0.000,0.000,0.000,0.000,0.000,0.000,0.000,0.000,0.000,
07-22-04.717,0.988,0.057,-0.161,-0.001,0.000,0.000,0.000,0.000,0.000,0.000,0.000,0.000,0.981,-0.123,-0.174,-0.071,0.000,0.000,0.000,0.000,0.000,0.000,0.000,0.000,0.000,0.000,0.000,0.000,0.000,0.000,0.000,0.000,
07-22-04.737,0.989,0.061,-0.154,0.003,0.000,0.000,0.000,0.000,0.000,0.000,0.000,0.000,0.981,-0.125,-0.167,-0.072,0.000,0.000,0.000,0.000,0.000,0.000,0.000,0.000,0.000,0.000,0.000,0.000,0.000,0.000,0.000,0.000,
07-22-04.757,0.990,0.065,-0.147,0.006,0.000,0.000,0.000,0.000,0.000,0.000,0.000,0.000,0.982,-0.126,-0.160,-0.074,0.000,0.000,0.000,0.000,0.000,0.000,0.000,0.000,0.000,0.000,0.000,0.000,0.000,0.000,0.000,0.000,
07-22-04.777,0.991,0.068,-0.140,0.008,0.000,0.000,0.000,0.000,0.000,0.000,0.000,0.000,0.983,-0.127,-0.154,-0.075,0.000,0.000,0.000,0.000,0.000,0.000,0.000,0.000,0.000,0.000,0.000,0.000,0.000,0.000,0.000,0.000,
07-22-04.797,0.992,0.071,-0.132,0.010,0.000,0.000,0.000,0.000,0.000,0.000,0.000,0.000,0.984,-0.128,-0.147,-0.076,0.000,0.000,0.000,0.000,0.000,0.000,0.000,0.000,0.000,0.000,0.000,0.000,0.000,0.000,0.000,0.000,
07-22-04.816,0.992,0.074,-0.125,0.012,0.000,0.000,0.000,0.000,0.000,0.000,0.000,0.000,0.985,-0.128,-0.141,-0.076,0.000,0.000,0.000,0.000,0.000,0.000,0.000,0.000,0.000,0.000,0.000,0.000,0.000,0.000,0.000,0.000,
07-22-04.836,0.993,0.076,-0.118,0.014,0.000,0.000,0.000,0.000,0.000,0.000,0.000,0.000,0.985,-0.130,-0.134,-0.077,0.000,0.000,0.000,0.000,0.000,0.000,0.000,0.000,0.000,0.000,0.000,0.000,0.000,0.000,0.000,0.000,
07-22-04.856,0.994,0.079,-0.110,0.016,0.000,0.000,0.000,0.000,0.000,0.000,0.000,0.000,0.986,-0.134,-0.127,-0.078,0.000,0.000,0.000,0.000,0.000,0.000,0.000,0.000,0.000,0.000,0.000,0.000,0.000,0.000,0.000,0.000,
07-22-04.876,0.994,0.082,-0.103,0.018,0.000,0.000,0.000,0.000,0.000,0.000,0.000,0.000,0.986,-0.138,-0.120,-0.080,0.000,0.000,0.000,0.000,0.000,0.000,0.000,0.000,0.000,0.000,0.000,0.000,0.000,0.000,0.000,0.000,
07-22-04.896,0.995,0.085,-0.095,0.020,0.000,0.000,0.000,0.000,0.000,0.000,0.000,0.000,0.986,-0.141,-0.113,-0.080,0.000,0.000,0.000,0.000,0.000,0.000,0.000,0.000,0.000,0.000,0.000,0.000,0.000,0.000,0.000,0.000,
07-22-04.916,0.995,0.089,-0.088,0.022,0.000,0.000,0.000,0.000,0.000,0.000,0.000,0.000,0.987,-0.143,-0.105,-0.081,0.000,0.000,0.000,0.000,0.000,0.000,0.000,0.000,0.000,0.000,0.000,0.000,0.000,0.000,0.000,0.000,
07-22-04.936,0.995,0.092,-0.081,0.023,0.000,0.000,0.000,0.000,0.000,0.000,0.000,0.000,0.987,-0.147,-0.098,-0.081,0.000,0.000,0.000,0.000,0.000,0.000,0.000,0.000,0.000,0.000,0.000,0.000,0.000,0.000,0.000,0.000,
07-22-04.956,0.995,0.096,-0.074,0.025,0.000,0.000,0.000,0.000,0.000,0.000,0.000,0.000,0.987,-0.150,-0.090,-0.082,0.000,0.000,0.000,0.000,0.000,0.000,0.000,0.000,0.000,0.000,0.000,0.000,0.000,0.000,0.000,0.000,
07-22-04.977,0.995,0.100,-0.067,0.026,0.000,0.000,0.000,0.000,0.000,0.000,0.000,0.000,0.987,-0.154,-0.082,-0.082,0.000,0.000,0.000,0.000,0.000,0.000,0.000,0.000,0.000,0.000,0.000,0.000,0.000,0.000,0.000,0.000,
07-22-04.995,0.995,0.104,-0.059,0.028,0.000,0.000,0.000,0.000,0.000,0.000,0.000,0.000,0.987,-0.158,-0.074,-0.082,0.000,0.000,0.000,0.000,0.000,0.000,0.000,0.000,0.000,0.000,0.000,0.000,0.000,0.000,0.000,0.000,
07-22-05.017,0.995,0.107,-0.052,0.029,0.000,0.000,0.000,0.000,0.000,0.000,0.000,0.000,0.987,-0.162,-0.067,-0.082,0.000,0.000,0.000,0.000,0.000,0.000,0.000,0.000,0.000,0.000,0.000,0.000,0.000,0.000,0.000,0.000,
07-22-05.035,0.996,0.109,-0.046,0.030,0.000,0.000,0.000,0.000,0.000,0.000,0.000,0.000,0.987,-0.167,-0.058,-0.082,0.000,0.000,0.000,0.000,0.000,0.000,0.000,0.000,0.000,0.000,0.000,0.000,0.000,0.000,0.000,0.000,
07-22-05.057,0.995,0.112,-0.039,0.030,0.000,0.000,0.000,0.000,0.000,0.000,0.000,0.000,0.986,-0.173,-0.050,-0.082,0.000,0.000,0.000,0.000,0.000,0.000,0.000,0.000,0.000,0.000,0.000,0.000,0.000,0.000,0.000,0.000,
07-22-05.077,0.995,0.115,-0.033,0.031,0.000,0.000,0.000,0.000,0.000,0.000,0.000,0.000,0.985,-0.180,-0.042,-0.084,0.000,0.000,0.000,0.000,0.000,0.000,0.000,0.000,0.000,0.000,0.000,0.000,0.000,0.000,0.000,0.000,
07-22-05.097,0.995,0.117,-0.025,0.032,0.000,0.000,0.000,0.000,0.000,0.000,0.000,0.000,0.984,-0.185,-0.034,-0.085,0.000,0.000,0.000,0.000,0.000,0.000,0.000,0.000,0.000,0.000,0.000,0.000,0.000,0.000,0.000,0.000,
07-22-05.117,0.995,0.120,-0.019,0.033,0.000,0.000,0.000,0.000,0.000,0.000,0.000,0.000,0.984,-0.190,-0.026,-0.086,0.000,0.000,0.000,0.000,0.000,0.000,0.000,0.000,0.000,0.000,0.000,0.000,0.000,0.000,0.000,0.000,
07-22-05.137,0.995,0.124,-0.012,0.034,0.000,0.000,0.000,0.000,0.000,0.000,0.000,0.000,0.983,-0.193,-0.019,-0.086,0.000,0.000,0.000,0.000,0.000,0.000,0.000,0.000,0.000,0.000,0.000,0.000,0.000,0.000,0.000,0.000,
07-22-05.156,0.994,0.128,-0.006,0.035,0.000,0.000,0.000,0.000,0.000,0.000,0.000,0.000,0.982,-0.197,-0.012,-0.087,0.000,0.000,0.000,0.000,0.000,0.000,0.000,0.000,0.000,0.000,0.000,0.000,0.000,0.000,0.000,0.000,
07-22-05.177,0.994,0.131,0.000,0.036,0.000,0.000,0.000,0.000,0.000,0.000,0.000,0.000,0.982,-0.201,-0.005,-0.087,0.000,0.000,0.000,0.000,0.000,0.000,0.000,0.000,0.000,0.000,0.000,0.000,0.000,0.000,0.000,0.000,
07-22-05.197,0.993,0.134,0.006,0.038,0.000,0.000,0.000,0.000,0.000,0.000,0.000,0.000,0.982,-0.202,0.002,-0.087,0.000,0.000,0.000,0.000,0.000,0.000,0.000,0.000,0.000,0.000,0.000,0.000,0.000,0.000,0.000,0.000,
07-22-05.217,0.993,0.138,0.012,0.039,0.000,0.000,0.000,0.000,0.000,0.000,0.000,0.000,0.981,-0.204,0.008,-0.087,0.000,0.000,0.000,0.000,0.000,0.000,0.000,0.000,0.000,0.000,0.000,0.000,0.000,0.000,0.000,0.000,
07-22-05.237,0.992,0.140,0.017,0.039,0.000,0.000,0.000,0.000,0.000,0.000,0.000,0.000,0.980,-0.207,0.015,-0.087,0.000,0.000,0.000,0.000,0.000,0.000,0.000,0.000,0.000,0.000,0.000,0.000,0.000,0.000,0.000,0.000,
07-22-05.257,0.992,0.143,0.022,0.040,0.000,0.000,0.000,0.000,0.000,0.000,0.000,0.000,0.980,-0.210,0.021,-0.087,0.000,0.000,0.000,0.000,0.000,0.000,0.000,0.000,0.000,0.000,0.000,0.000,0.000,0.000,0.000,0.000,
07-22-05.277,0.991,0.147,0.028,0.040,0.000,0.000,0.000,0.000,0.000,0.000,0.000,0.000,0.979,-0.213,0.027,-0.087,0.000,0.000,0.000,0.000,0.000,0.000,0.000,0.000,0.000,0.000,0.000,0.000,0.000,0.000,0.000,0.000,
07-22-05.296,0.990,0.150,0.033,0.041,0.000,0.000,0.000,0.000,0.000,0.000,0.000,0.000,0.978,-0.218,0.034,-0.087,0.000,0.000,0.000,0.000,0.000,0.000,0.000,0.000,0.000,0.000,0.000,0.000,0.000,0.000,0.000,0.000,
07-22-05.314,0.990,0.152,0.039,0.040,0.000,0.000,0.000,0.000,0.000,0.000,0.000,0.000,0.977,-0.220,0.040,-0.086,0.000,0.000,0.000,0.000,0.000,0.000,0.000,0.000,0.000,0.000,0.000,0.000,0.000,0.000,0.000,0.000,
07-22-05.336,0.989,0.154,0.044,0.040,0.000,0.000,0.000,0.000,0.000,0.000,0.000,0.000,0.976,-0.222,0.045,-0.085,0.000,0.000,0.000,0.000,0.000,0.000,0.000,0.000,0.000,0.000,0.000,0.000,0.000,0.000,0.000,0.000,
07-22-05.356,0.989,0.157,0.049,0.041,0.000,0.000,0.000,0.000,0.000,0.000,0.000,0.000,0.976,-0.224,0.051,-0.084,0.000,0.000,0.000,0.000,0.000,0.000,0.000,0.000,0.000,0.000,0.000,0.000,0.000,0.000,0.000,0.000,
07-22-05.376,0.988,0.160,0.055,0.041,0.000,0.000,0.000,0.000,0.000,0.000,0.000,0.000,0.975,-0.227,0.057,-0.083,0.000,0.000,0.000,0.000,0.000,0.000,0.000,0.000,0.000,0.000,0.000,0.000,0.000,0.000,0.000,0.000,
07-22-05.395,0.987,0.162,0.060,0.042,0.000,0.000,0.000,0.000,0.000,0.000,0.000,0.000,0.974,-0.231,0.063,-0.082,0.000,0.000,0.000,0.000,0.000,0.000,0.000,0.000,0.000,0.000,0.000,0.000,0.000,0.000,0.000,0.000,
07-22-05.414,0.986,0.165,0.066,0.042,0.000,0.000,0.000,0.000,0.000,0.000,0.000,0.000,0.972,-0.234,0.069,-0.080,0.000,0.000,0.000,0.000,0.000,0.000,0.000,0.000,0.000,0.000,0.000,0.000,0.000,0.000,0.000,0.000,
07-22-05.437,0.986,0.167,0.071,0.042,0.000,0.000,0.000,0.000,0.000,0.000,0.000,0.000,0.971,-0.237,0.075,-0.079,0.000,0.000,0.000,0.000,0.000,0.000,0.000,0.000,0.000,0.000,0.000,0.000,0.000,0.000,0.000,0.000,
07-22-05.457,0.985,0.170,0.076,0.042,0.000,0.000,0.000,0.000,0.000,0.000,0.000,0.000,0.970,-0.240,0.081,-0.078,0.000,0.000,0.000,0.000,0.000,0.000,0.000,0.000,0.000,0.000,0.000,0.000,0.000,0.000,0.000,0.000,
07-22-05.477,0.984,0.172,0.081,0.041,0.000,0.000,0.000,0.000,0.000,0.000,0.000,0.000,0.969,-0.243,0.087,-0.077,0.000,0.000,0.000,0.000,0.000,0.000,0.000,0.000,0.000,0.000,0.000,0.000,0.000,0.000,0.000,0.000,
07-22-05.497,0.983,0.175,0.086,0.042,0.000,0.000,0.000,0.000,0.000,0.000,0.000,0.000,0.968,-0.247,0.093,-0.077,0.000,0.000,0.000,0.000,0.000,0.000,0.000,0.000,0.000,0.000,0.000,0.000,0.000,0.000,0.000,0.000,
07-22-05.517,0.982,0.179,0.091,0.041,0.000,0.000,0.000,0.000,0.000,0.000,0.000,0.000,0.966,-0.250,0.098,-0.076,0.000,0.000,0.000,0.000,0.000,0.000,0.000,0.000,0.000,0.000,0.000,0.000,0.000,0.000,0.000,0.000,
07-22-05.537,0.981,0.182,0.096,0.041,0.000,0.000,0.000,0.000,0.000,0.000,0.000,0.000,0.965,-0.252,0.102,-0.074,0.000,0.000,0.000,0.000,0.000,0.000,0.000,0.000,0.000,0.000,0.000,0.000,0.000,0.000,0.000,0.000,
07-22-05.557,0.980,0.184,0.101,0.041,0.000,0.000,0.000,0.000,0.000,0.000,0.000,0.000,0.964,-0.255,0.107,-0.074,0.000,0.000,0.000,0.000,0.000,0.000,0.000,0.000,0.000,0.000,0.000,0.000,0.000,0.000,0.000,0.000,
07-22-05.576,0.979,0.187,0.106,0.041,0.000,0.000,0.000,0.000,0.000,0.000,0.000,0.000,0.963,-0.257,0.111,-0.073,0.000,0.000,0.000,0.000,0.000,0.000,0.000,0.000,0.000,0.000,0.000,0.000,0.000,0.000,0.000,0.000,
07-22-05.598,0.978,0.190,0.111,0.040,0.000,0.000,0.000,0.000,0.000,0.000,0.000,0.000,0.963,-0.259,0.114,-0.072,0.000,0.000,0.000,0.000,0.000,0.000,0.000,0.000,0.000,0.000,0.000,0.000,0.000,0.000,0.000,0.000,
07-22-05.618,0.977,0.192,0.116,0.040,0.000,0.000,0.000,0.000,0.000,0.000,0.000,0.000,0.962,-0.259,0.117,-0.071,0.000,0.000,0.000,0.000,0.000,0.000,0.000,0.000,0.000,0.000,0.000,0.000,0.000,0.000,0.000,0.000,
07-22-05.637,0.976,0.194,0.120,0.040,0.000,0.000,0.000,0.000,0.000,0.000,0.000,0.000,0.962,-0.261,0.120,-0.070,0.000,0.000,0.000,0.000,0.000,0.000,0.000,0.000,0.000,0.000,0.000,0.000,0.000,0.000,0.000,0.000,
07-22-05.657,0.975,0.197,0.125,0.039,0.000,0.000,0.000,0.000,0.000,0.000,0.000,0.000,0.961,-0.263,0.123,-0.070,0.000,0.000,0.000,0.000,0.000,0.000,0.000,0.000,0.000,0.000,0.000,0.000,0.000,0.000,0.000,0.000,
07-22-05.677,0.974,0.199,0.129,0.039,0.000,0.000,0.000,0.000,0.000,0.000,0.000,0.000,0.960,-0.264,0.126,-0.069,0.000,0.000,0.000,0.000,0.000,0.000,0.000,0.000,0.000,0.000,0.000,0.000,0.000,0.000,0.000,0.000,
07-22-05.697,0.973,0.202,0.133,0.038,0.000,0.000,0.000,0.000,0.000,0.000,0.000,0.000,0.959,-0.265,0.128,-0.069,0.000,0.000,0.000,0.000,0.000,0.000,0.000,0.000,0.000,0.000,0.000,0.000,0.000,0.000,0.000,0.000,
07-22-05.717,0.972,0.204,0.137,0.038,0.000,0.000,0.000,0.000,0.000,0.000,0.000,0.000,0.959,-0.266,0.131,-0.068,0.000,0.000,0.000,0.000,0.000,0.000,0.000,0.000,0.000,0.000,0.000,0.000,0.000,0.000,0.000,0.000,
07-22-05.737,0.971,0.206,0.141,0.038,0.000,0.000,0.000,0.000,0.000,0.000,0.000,0.000,0.959,-0.266,0.133,-0.067,0.000,0.000,0.000,0.000,0.000,0.000,0.000,0.000,0.000,0.000,0.000,0.000,0.000,0.000,0.000,0.000,
07-22-05.757,0.970,0.207,0.145,0.038,0.000,0.000,0.000,0.000,0.000,0.000,0.000,0.000,0.959,-0.264,0.134,-0.066,0.000,0.000,0.000,0.000,0.000,0.000,0.000,0.000,0.000,0.000,0.000,0.000,0.000,0.000,0.000,0.000,
07-22-05.777,0.969,0.208,0.146,0.038,0.000,0.000,0.000,0.000,0.000,0.000,0.000,0.000,0.959,-0.264,0.136,-0.065,0.000,0.000,0.000,0.000,0.000,0.000,0.000,0.000,0.000,0.000,0.000,0.000,0.000,0.000,0.000,0.000,
07-22-05.797,0.968,0.212,0.151,0.037,0.000,0.000,0.000,0.000,0.000,0.000,0.000,0.000,0.958,-0.265,0.137,-0.065,0.000,0.000,0.000,0.000,0.000,0.000,0.000,0.000,0.000,0.000,0.000,0.000,0.000,0.000,0.000,0.000,
07-22-05.817,0.967,0.212,0.154,0.037,0.000,0.000,0.000,0.000,0.000,0.000,0.000,0.000,0.958,-0.266,0.139,-0.064,0.000,0.000,0.000,0.000,0.000,0.000,0.000,0.000,0.000,0.000,0.000,0.000,0.000,0.000,0.000,0.000,
07-22-05.837,0.967,0.212,0.156,0.037,0.000,0.000,0.000,0.000,0.000,0.000,0.000,0.000,0.958,-0.266,0.140,-0.064,0.000,0.000,0.000,0.000,0.000,0.000,0.000,0.000,0.000,0.000,0.000,0.000,0.000,0.000,0.000,0.000,
07-22-05.857,0.966,0.213,0.158,0.036,0.000,0.000,0.000,0.000,0.000,0.000,0.000,0.000,0.958,-0.266,0.142,-0.063,0.000,0.000,0.000,0.000,0.000,0.000,0.000,0.000,0.000,0.000,0.000,0.000,0.000,0.000,0.000,0.000,
07-22-05.877,0.966,0.214,0.160,0.036,0.000,0.000,0.000,0.000,0.000,0.000,0.000,0.000,0.957,-0.267,0.143,-0.063,0.000,0.000,0.000,0.000,0.000,0.000,0.000,0.000,0.000,0.000,0.000,0.000,0.000,0.000,0.000,0.000,
07-22-05.897,0.966,0.215,0.162,0.036,0.000,0.000,0.000,0.000,0.000,0.000,0.000,0.000,0.957,-0.267,0.143,-0.062,0.000,0.000,0.000,0.000,0.000,0.000,0.000,0.000,0.000,0.000,0.000,0.000,0.000,0.000,0.000,0.000,
07-22-05.917,0.965,0.215,0.163,0.036,0.000,0.000,0.000,0.000,0.000,0.000,0.000,0.000,0.957,-0.267,0.144,-0.062,0.000,0.000,0.000,0.000,0.000,0.000,0.000,0.000,0.000,0.000,0.000,0.000,0.000,0.000,0.000,0.000,
07-22-05.937,0.965,0.216,0.164,0.035,0.000,0.000,0.000,0.000,0.000,0.000,0.000,0.000,0.957,-0.266,0.144,-0.062,0.000,0.000,0.000,0.000,0.000,0.000,0.000,0.000,0.000,0.000,0.000,0.000,0.000,0.000,0.000,0.000,
07-22-05.957,0.965,0.215,0.164,0.035,0.000,0.000,0.000,0.000,0.000,0.000,0.000,0.000,0.957,-0.266,0.144,-0.062,0.000,0.000,0.000,0.000,0.000,0.000,0.000,0.000,0.000,0.000,0.000,0.000,0.000,0.000,0.000,0.000,
07-22-05.976,0.965,0.215,0.165,0.035,0.000,0.000,0.000,0.000,0.000,0.000,0.000,0.000,0.957,-0.266,0.144,-0.062,0.000,0.000,0.000,0.000,0.000,0.000,0.000,0.000,0.000,0.000,0.000,0.000,0.000,0.000,0.000,0.000,
07-22-05.998,0.965,0.216,0.165,0.034,0.000,0.000,0.000,0.000,0.000,0.000,0.000,0.000,0.957,-0.266,0.143,-0.062,0.000,0.000,0.000,0.000,0.000,0.000,0.000,0.000,0.000,0.000,0.000,0.000,0.000,0.000,0.000,0.000,
07-22-06.017,0.965,0.216,0.165,0.034,0.000,0.000,0.000,0.000,0.000,0.000,0.000,0.000,0.958,-0.266,0.142,-0.062,0.000,0.000,0.000,0.000,0.000,0.000,0.000,0.000,0.000,0.000,0.000,0.000,0.000,0.000,0.000,0.000,
07-22-06.036,0.965,0.215,0.165,0.034,0.000,0.000,0.000,0.000,0.000,0.000,0.000,0.000,0.957,-0.265,0.141,-0.063,0.000,0.000,0.000,0.000,0.000,0.000,0.000,0.000,0.000,0.000,0.000,0.000,0.000,0.000,0.000,0.000,
07-22-06.058,0.965,0.215,0.164,0.034,0.000,0.000,0.000,0.000,0.000,0.000,0.000,0.000,0.958,-0.265,0.141,-0.063,0.000,0.000,0.000,0.000,0.000,0.000,0.000,0.000,0.000,0.000,0.000,0.000,0.000,0.000,0.000,0.000,
07-22-06.076,0.965,0.215,0.164,0.034,0.000,0.000,0.000,0.000,0.000,0.000,0.000,0.000,0.958,-0.265,0.139,-0.063,0.000,0.000,0.000,0.000,0.000,0.000,0.000,0.000,0.000,0.000,0.000,0.000,0.000,0.000,0.000,0.000,
07-22-06.096,0.966,0.214,0.164,0.034,0.000,0.000,0.000,0.000,0.000,0.000,0.000,0.000,0.958,-0.264,0.138,-0.064,0.000,0.000,0.000,0.000,0.000,0.000,0.000,0.000,0.000,0.000,0.000,0.000,0.000,0.000,0.000,0.000,
07-22-06.116,0.966,0.214,0.163,0.033,0.000,0.000,0.000,0.000,0.000,0.000,0.000,0.000,0.958,-0.263,0.136,-0.064,0.000,0.000,0.000,0.000,0.000,0.000,0.000,0.000,0.000,0.000,0.000,0.000,0.000,0.000,0.000,0.000,
07-22-06.136,0.966,0.214,0.163,0.033,0.000,0.000,0.000,0.000,0.000,0.000,0.000,0.000,0.958,-0.263,0.135,-0.065,0.000,0.000,0.000,0.000,0.000,0.000,0.000,0.000,0.000,0.000,0.000,0.000,0.000,0.000,0.000,0.000,
07-22-06.154,0.965,0.213,0.162,0.033,0.000,0.000,0.000,0.000,0.000,0.000,0.000,0.000,0.959,-0.263,0.135,-0.065,0.000,0.000,0.000,0.000,0.000,0.000,0.000,0.000,0.000,0.000,0.000,0.000,0.000,0.000,0.000,0.000,
07-22-06.176,0.966,0.213,0.161,0.033,0.000,0.000,0.000,0.000,0.000,0.000,0.000,0.000,0.959,-0.263,0.135,-0.065,0.000,0.000,0.000,0.000,0.000,0.000,0.000,0.000,0.000,0.000,0.000,0.000,0.000,0.000,0.000,0.000,
07-22-06.196,0.965,0.212,0.159,0.033,0.000,0.000,0.000,0.000,0.000,0.000,0.000,0.000,0.958,-0.262,0.134,-0.065,0.000,0.000,0.000,0.000,0.000,0.000,0.000,0.000,0.000,0.000,0.000,0.000,0.000,0.000,0.000,0.000,
07-22-06.216,0.965,0.212,0.158,0.033,0.000,0.000,0.000,0.000,0.000,0.000,0.000,0.000,0.958,-0.262,0.134,-0.065,0.000,0.000,0.000,0.000,0.000,0.000,0.000,0.000,0.000,0.000,0.000,0.000,0.000,0.000,0.000,0.000,
07-22-06.236,0.965,0.211,0.157,0.033,0.000,0.000,0.000,0.000,0.000,0.000,0.000,0.000,0.958,-0.262,0.134,-0.065,0.000,0.000,0.000,0.000,0.000,0.000,0.000,0.000,0.000,0.000,0.000,0.000,0.000,0.000,0.000,0.000,
07-22-06.256,0.965,0.211,0.156,0.033,0.000,0.000,0.000,0.000,0.000,0.000,0.000,0.000,0.958,-0.263,0.134,-0.065,0.000,0.000,0.000,0.000,0.000,0.000,0.000,0.000,0.000,0.000,0.000,0.000,0.000,0.000,0.000,0.000,
07-22-06.276,0.965,0.211,0.157,0.033,0.000,0.000,0.000,0.000,0.000,0.000,0.000,0.000,0.958,-0.262,0.135,-0.065,0.000,0.000,0.000,0.000,0.000,0.000,0.000,0.000,0.000,0.000,0.000,0.000,0.000,0.000,0.000,0.000,
07-22-06.296,0.965,0.211,0.157,0.033,0.000,0.000,0.000,0.000,0.000,0.000,0.000,0.000,0.957,-0.262,0.135,-0.065,0.000,0.000,0.000,0.000,0.000,0.000,0.000,0.000,0.000,0.000,0.000,0.000,0.000,0.000,0.000,0.000,
07-22-06.316,0.965,0.211,0.156,0.033,0.000,0.000,0.000,0.000,0.000,0.000,0.000,0.000,0.957,-0.263,0.135,-0.065,0.000,0.000,0.000,0.000,0.000,0.000,0.000,0.000,0.000,0.000,0.000,0.000,0.000,0.000,0.000,0.000,
07-22-06.336,0.965,0.210,0.156,0.033,0.000,0.000,0.000,0.000,0.000,0.000,0.000,0.000,0.957,-0.264,0.135,-0.065,0.000,0.000,0.000,0.000,0.000,0.000,0.000,0.000,0.000,0.000,0.000,0.000,0.000,0.000,0.000,0.000,
07-22-06.356,0.965,0.210,0.156,0.033,0.000,0.000,0.000,0.000,0.000,0.000,0.000,0.000,0.957,-0.264,0.135,-0.065,0.000,0.000,0.000,0.000,0.000,0.000,0.000,0.000,0.000,0.000,0.000,0.000,0.000,0.000,0.000,0.000,
07-22-06.378,0.965,0.210,0.156,0.033,0.000,0.000,0.000,0.000,0.000,0.000,0.000,0.000,0.957,-0.264,0.135,-0.065,0.000,0.000,0.000,0.000,0.000,0.000,0.000,0.000,0.000,0.000,0.000,0.000,0.000,0.000,0.000,0.000,
